id,name,model_id:id,group_id:id,perm_read,perm_write,perm_create,perm_unlink
access_asset_management_history,access.asset.management.history,model_asset_management_history,,1,1,1,1
access_fixed_asset_management_history,access.fixed.asset.management.history,model_fixed_asset_management_history,,1,1,1,1
access_asset_management_request_history,access.asset.management.request.history,model_asset_management_request_history,,1,1,1,1
access_fixed_asset_management_history_lines,access.fixed.asset.management.history.lines,model_fixed_asset_management_history_lines,,1,1,1,1
access_asset_management_return_history,access.asset.management.return.history,model_asset_management_return_history,,1,1,1,1
access_fixed_asset_management_return_lines,access.fixed.asset.management.return.lines,model_fixed_asset_management_return_lines,,1,1,1,1
access_asset_depreciation_board,access.asset.depreciation.board,model_asset_depreciation_board,,1,1,1,1
access_asset_depreciation_information,access.asset.depreciation.information,model_asset_depreciation_information,,1,1,1,1
access_fixed_asset_lines,access.fixed.asset.lines,model_fixed_asset_lines,,1,1,1,1
access_fixed_asset_lines,access.fixed.asset.lines,model_fixed_asset_lines,,1,1,1,1
access_asset_card_wizard,access.asset.card.wizard,model_asset_card_wizard,,1,1,1,1
"access_asset_management_return_history_user","asset.management.return.history user","model_asset_management_return_history","base.group_user",1,1,1,1
"access_asset_management_request_history_user","asset.management.request.history user","model_asset_management_request_history","base.group_user",1,1,1,1
access_general_report,access.general.report,model_general_report,,1,1,1,1
access_location_wizard,access.location.wizard,model_location_wizard,,1,1,1,1
access_location_wizard_product_quant,access_location_wizard_product_quant,model_location_wizard_product_quant,,1,1,1,1
access_onhand,access.onhand,model_onhand,,1,0,0,1
access_onhand_lines,access.onhand.lines,model_onhand_lines,,1,0,0,1
access_hr_employee-lines,access.hr.employee.lines,model_hr_employee_lines,,1,0,0,1
























