<?xml version="1.0" encoding="utf-8"?>
<odoo>

    <record model="ir.module.category" id="module_category_asset_management">
        <field name="name">Asset Management</field>
        <field name="sequence">10</field>
    </record>
    <record id="group_asset_management_guest" model="res.groups">
        <field name="name">User</field>
        <field name="category_id" ref="module_category_asset_management"/>
    </record>
    <record id="group_asset_management_user" model="res.groups">
        <field name="name">Validator</field>
        <field name="implied_ids" eval="[(4, ref('group_asset_management_guest'))]"/>
        <field name="category_id" ref="module_category_asset_management"/>
    </record>
    <record id="group_asset_management_manager" model="res.groups">
        <field name="name">Manager</field>
        <field name="implied_ids" eval="[(4, ref('group_asset_management_user'))]"/>
        <field name="category_id" ref="module_category_asset_management"/>
    </record>
    <record id="group_asset_management_admin" model="res.groups">
        <field name="name">Administrator</field>
        <field name="implied_ids" eval="[(4, ref('group_asset_management_manager'))]"/>
        <field name="category_id" ref="module_category_asset_management"/>
    </record>
         <record id="access_onhand_guest" model="ir.model.access">
        <field name="name"> Guest</field>
        <field name="model_id" ref="model_onhand"/>
        <field name="group_id" ref="group_asset_management_guest"/>
        <field name="perm_read">1</field>
        <field name="perm_write">0</field>
        <field name="perm_create">0</field>
        <field name="perm_unlink">0</field>
    </record>
    <!-- Access for Guest  to view Asset Records -->
    <record id="access_fixed_asset_management_history_guest" model="ir.model.access">
        <field name="name">Asset Guest</field>
        <field name="model_id" ref="model_fixed_asset_management_history"/>
        <field name="group_id" ref="group_asset_management_guest"/>
        <field name="perm_read">1</field>
        <field name="perm_write">0</field>
        <field name="perm_create">0</field>
        <field name="perm_unlink">0</field>
    </record>
    <record id="access_fixed_asset_management_history" model="ir.model.access">
        <field name="name">Asset Records</field>
        <field name="model_id" ref="model_fixed_asset_management_history"/>
        <field name="group_id" eval="False"/>
        <field name="perm_read">0</field>
        <field name="perm_write">0</field>
        <field name="perm_create">0</field>
        <field name="perm_unlink">0</field>
    </record>
    <!-- Access for User  to view Asset Records But not Edit, Create or delete -->
    <record id="access_fixed_asset_management_history_user" model="ir.model.access">
        <field name="name">Asset User</field>
        <field name="model_id" ref="model_fixed_asset_management_history"/>
        <field name="group_id" ref="group_asset_management_user"/>
        <field name="perm_read">1</field>
        <field name="perm_write">0</field>
        <field name="perm_create">0</field>
        <field name="perm_unlink">0</field>
    </record>
    <record id="access_asset_management_history" model="ir.model.access">
        <field name="name">Asset Records</field>
        <field name="model_id" ref="model_asset_management_history"/>
        <field name="group_id" eval="False"/>
        <field name="perm_read">0</field>
        <field name="perm_write">0</field>
        <field name="perm_create">0</field>
        <field name="perm_unlink">0</field>
    </record>
    <record id="access_asset_management_history_user" model="ir.model.access">
        <field name="name">Asset User</field>
        <field name="model_id" ref="model_asset_management_history"/>
        <field name="group_id" ref="group_asset_management_user"/>
        <field name="perm_read">0</field>
        <field name="perm_write">0</field>
        <field name="perm_create">0</field>
        <field name="perm_unlink">0</field>
    </record>
    <record id="access_asset_management_history" model="ir.model.access">
        <field name="name">Asset Records</field>
        <field name="model_id" ref="model_asset_management_history"/>
        <field name="group_id" ref="group_asset_management_user"/>
        <field name="perm_read">0</field>
        <field name="perm_write">0</field>
        <field name="perm_create">0</field>
        <field name="perm_unlink">0</field>
    </record>
      <!-- No Access for Other Users -->
        <record id="access_res_config_settings_no_access" model="ir.model.access">
            <field name="name">res.config.settings no access for other users</field>
            <field name="model_id" ref="base.model_res_config_settings"/>
            <field name="group_id" eval="False"/>
            <field name="perm_read" eval="0"/>
            <field name="perm_write" eval="0"/>
            <field name="perm_create" eval="0"/>
            <field name="perm_unlink" eval="0"/>
        </record>
    <!-- Access for Manager to view all records in Fixed Asset Management -->
    <record id="access_asset_management_history_manager" model="ir.model.access">
        <field name="name">Asset Manager</field>
        <field name="model_id" ref="model_asset_management_history"/>
        <field name="group_id" ref="group_asset_management_manager"/>
        <field name="perm_read">1</field>
        <field name="perm_write">0</field>
        <field name="perm_create">0</field>
        <field name="perm_unlink">0</field>
    </record>
    <record id="access_asset_management_history_admin" model="ir.model.access">
        <field name="name">Asset admin</field>
        <field name="model_id" ref="model_asset_management_history"/>
        <field name="group_id" ref="group_asset_management_admin"/>
        <field name="perm_read">1</field>
        <field name="perm_write">1</field>
        <field name="perm_create">1</field>
        <field name="perm_unlink">1</field>
    </record>
    <record id="access_fixed_asset_management_history" model="ir.model.access">
        <field name="name">Asset Records</field>
        <field name="model_id" ref="model_fixed_asset_management_history"/>
        <field name="group_id" eval="False"/>
        <field name="perm_read">0</field>
        <field name="perm_write">0</field>
        <field name="perm_create">0</field>
        <field name="perm_unlink">0</field>
    </record>
    <record id="access_fixed_asset_management_history_manager" model="ir.model.access">
        <field name="name">Asset manager</field>
        <field name="model_id" ref="model_fixed_asset_management_history"/>
        <field name="group_id" ref="group_asset_management_manager"/>
        <field name="perm_read">1</field>
        <field name="perm_write">1</field>
        <field name="perm_create">1</field>
        <field name="perm_unlink">1</field>
    </record>
     <record id="access_fixed_asset_management_history_admin" model="ir.model.access">
        <field name="name">Asset Admin</field>
        <field name="model_id" ref="model_fixed_asset_management_history"/>
        <field name="group_id" ref="group_asset_management_admin"/>
        <field name="perm_read">1</field>
        <field name="perm_write">1</field>
        <field name="perm_create">1</field>
        <field name="perm_unlink">1</field>
    </record>
    <record id="asset_management_return_history_rule_user" model="ir.rule">
        <field name="name">Asset Return History User Role</field>
        <field name="model_id" ref="model_asset_management_return_history"/>
        <field name="domain_force">[('create_uid', '=', user.id)]</field>
        <field name="groups" eval="[(4, ref('remy_asset.group_asset_management_guest'))]"/>
        <field name="perm_read" eval="True"/>
        <field name="perm_write" eval="True"/>
        <field name="perm_create" eval="True"/>
        <field name="perm_unlink" eval="True"/>
    </record>
    <record id="asset_management_return_history_rule_manager" model="ir.rule">
        <field name="name">Asset Return History Manager Role</field>
        <field name="model_id" ref="model_asset_management_return_history"/>
        <field name="domain_force">[(1, '=', 1)]</field>
        <field name="groups" eval="[(4, ref('remy_asset.group_asset_management_manager'))]"/>
        <field name="perm_read" eval="True"/>
        <field name="perm_write" eval="True"/>
        <field name="perm_create" eval="True"/>
        <field name="perm_unlink" eval="True"/>
    </record>
     <record id="asset_management_return_history_rule_user" model="ir.rule">
        <field name="name">Asset Return History validator Role</field>
        <field name="model_id" ref="model_asset_management_return_history"/>
        <field name="domain_force">[(1, '=', 1)]</field>
        <field name="groups" eval="[(4, ref('remy_asset.group_asset_management_user'))]"/>
        <field name="perm_read" eval="True"/>
        <field name="perm_write" eval="True"/>
        <field name="perm_create" eval="True"/>
        <field name="perm_unlink" eval="True"/>
    </record>
     <record id="asset_management_return_history_rule_admin" model="ir.rule">
        <field name="name">Asset Return History admin Role</field>
        <field name="model_id" ref="model_asset_management_return_history"/>
        <field name="domain_force">[(1, '=', 1)]</field>
        <field name="groups" eval="[(4, ref('remy_asset.group_asset_management_admin'))]"/>
        <field name="perm_read" eval="True"/>
        <field name="perm_write" eval="True"/>
        <field name="perm_create" eval="True"/>
        <field name="perm_unlink" eval="True"/>
    </record>
    <record id="asset_management_request_history_rule_user" model="ir.rule">
        <field name="name">Asset Request History User Role</field>
        <field name="model_id" ref="model_asset_management_request_history"/>
        <field name="domain_force">[('create_uid', '=', user.id)]</field>
        <field name="groups" eval="[(4, ref('remy_asset.group_asset_management_guest'))]"/>
        <field name="perm_read" eval="True"/>
        <field name="perm_write" eval="True"/>
        <field name="perm_create" eval="True"/>
        <field name="perm_unlink" eval="True"/>
    </record>
    <record id="asset_management_request_history_rule_manager" model="ir.rule">
        <field name="name">Asset Request History Manager Role</field>
        <field name="model_id" ref="model_asset_management_request_history"/>
        <field name="domain_force">[(1, '=', 1)]</field>
        <field name="groups" eval="[(4, ref('remy_asset.group_asset_management_manager'))]"/>
        <field name="perm_read" eval="True"/>
        <field name="perm_write" eval="True"/>
        <field name="perm_create" eval="True"/>
        <field name="perm_unlink" eval="True"/>
    </record>
    <record id="asset_management_request_history_rule_user" model="ir.rule">
        <field name="name">Asset Request History user Role</field>
        <field name="model_id" ref="model_asset_management_request_history"/>
        <field name="domain_force">[(1, '=', 1)]</field>
        <field name="groups" eval="[(4, ref('remy_asset.group_asset_management_user'))]"/>
        <field name="perm_read" eval="True"/>
        <field name="perm_write" eval="True"/>
        <field name="perm_create" eval="True"/>
        <field name="perm_unlink" eval="True"/>
    </record>
    <record id="asset_management_request_history_rule_admin" model="ir.rule">
        <field name="name">Asset Request History admin Role</field>
        <field name="model_id" ref="model_asset_management_request_history"/>
        <field name="domain_force">[(1, '=', 1)]</field>
        <field name="groups" eval="[(4, ref('remy_asset.group_asset_management_admin'))]"/>
        <field name="perm_read" eval="True"/>
        <field name="perm_write" eval="True"/>
        <field name="perm_create" eval="True"/>
        <field name="perm_unlink" eval="True"/>
    </record>
    <record id="access_stock_picking_user" model="ir.model.access">
    <field name="name">stock.picking user</field>
    <field name="model_id" ref="stock.model_stock_picking"/>
    <field name="group_id" ref="base.group_user"/>
    <field name="perm_read" eval="1"/>
    <field name="perm_write" eval="0"/>
    <field name="perm_create" eval="0"/>
    <field name="perm_unlink" eval="0"/>
</record>
     <!-- Record Rule to Prevent User Group from Creating Inventory Adjustments -->
    <record id="stock_inventory_user_create_rule" model="ir.rule">
        <field name="name">Prevent User Group from Creating Inventory Adjustments</field>
        <field name="model_id" ref="stock.model_stock_quant"/>
        <field name="domain_force">[(1, '=', 1)]</field>
        <field name="groups" eval="[(4, ref('group_asset_management_user'))]"/>
        <field name="perm_read" eval="True"/>
        <field name="perm_write" eval="True"/>
        <field name="perm_create" eval="False"/>
        <field name="perm_unlink" eval="True"/>
    </record>
     <record id="access_fixed_asset_location_history_admin" model="ir.model.access">
        <field name="name">Asset Admin</field>
        <field name="model_id" ref="model_stock_location"/>
        <field name="group_id" ref="group_asset_management_admin"/>
        <field name="perm_read">1</field>
        <field name="perm_write">1</field>
        <field name="perm_create">1</field>
        <field name="perm_unlink">1</field>
    </record>
    <record id="access_fixed_asset_location_history_manager" model="ir.model.access">
        <field name="name">Asset manager</field>
        <field name="model_id" ref="model_stock_location"/>
        <field name="group_id" ref="remy_asset.group_asset_management_manager"/>
        <field name="perm_read">1</field>
        <field name="perm_write">0</field>
        <field name="perm_create">0</field>
        <field name="perm_unlink">0</field>
    </record>
</odoo>