<?xml version="1.0" encoding="utf-8"?>
<odoo>
    <data>
        <record id="seq_request_asset" model="ir.sequence">
            <field name="name">Request Sequence</field>
            <field name="code">asset.management.request.history</field>
            <field name="prefix">FA/REQ/</field>
            <field name="suffix">/2017</field>
            <field name="padding">5</field>
            <field name="company_id" eval="False"/>
        </record>
    </data>
     <data>
        <record id="seq_return_asset" model="ir.sequence">
            <field name="name">Return Sequence</field>
            <field name="code">asset.management.return.history</field>
            <field name="prefix">FA/RET/</field>
            <field name="suffix">/2017</field>
            <field name="padding">5</field>
            <field name="company_id" eval="False"/>
        </record>
    </data>
</odoo>